{
    "Other": {
        "depth": 0.59999999999999998, 
        "width": 1.5, 
        "height": 2.1000000000000001
    }, 
    "verbose_output": false, 
    "epsilon": 0.01, 
    "Bed 1": {
        "depth": 0.59999999999999998, 
        "width": 1.0, 
        "height": 2.1000000000000001
    }
}